{
    "actionModel": "MAPF_T",
    "version": "2024 LoRR",
    "teamSize": 4,
    "numTaskFinished": 2,
    "makespan": 26,
    "numPlannerErrors": 0,
    "numScheduleErrors": 0,
    "numEntryTimeouts": 0,
    "start": [
        [
            2,
            4,
            "E"
        ],
        [
            13,
            10,
            "E"
        ],
        [
            19,
            25,
            "E"
        ],
        [
            4,
            28,
            "E"
        ]
    ],
    "actualPaths": [
        "R,F,F,R,F,F,F,C,F,C,F,F,F,F,F,F,F,F,F,F,F,F,R,F,F,R",
        "F,R,F,F,F,F,F,F,F,F,F,C,F,R,R,F,F,F,R,F,F,C,F,F,F,F",
        "R,R,F,F,F,F,F,F,F,F,F,F,F,F,F,C,F,F,F,R,F,F,F,R,R,F",
        "R,F,R,F,F,F,F,C,F,F,R,F,F,F,F,F,F,F,F,F,F,F,F,F,C,F"
    ],
    "plannerPaths": [
        "R,F,F,R,F,F,F,C,F,C,F,F,F,F,F,F,F,F,F,F,F,F,R,F,F,R",
        "F,R,F,F,F,F,F,F,F,F,F,C,F,R,R,F,F,F,R,F,F,C,F,F,F,F",
        "R,R,F,F,F,F,F,F,F,F,F,F,F,F,F,C,F,F,F,R,F,F,F,R,R,F",
        "R,F,R,F,F,F,F,C,F,F,R,F,F,F,F,F,F,F,F,F,F,F,F,F,C,F"
    ],
    "plannerTimes": [
        0.280178285,
        0.280058023,
        0.28005596,
        0.280057567,
        0.280107059,
        0.280058395,
        0.280073391,
        0.280069687,
        0.280065082,
        0.280062929,
        0.280060743,
        0.28008933,
        0.280077046,
        0.280066764,
        0.280062018,
        0.280052698,
        0.28006329,
        0.28006912,
        0.280065284,
        0.280060064,
        0.280062736,
        0.280072328,
        0.280066354,
        0.280106879,
        0.280086885,
        0.280126101
    ],
    "errors": [],
    "actualSchedule": [
        "1:0,26:3",
        "1:2",
        "1:1,24:5",
        "1:4"
    ],
    "plannerSchedule": [
        "1:0,26:3",
        "1:2",
        "1:1,24:5",
        "1:4"
    ],
    "scheduleErrors": [],
    "events": [
        [
            9,
            0,
            0,
            1
        ],
        [
            13,
            1,
            2,
            1
        ],
        [
            19,
            2,
            1,
            1
        ],
        [
            23,
            2,
            1,
            2
        ],
        [
            25,
            0,
            0,
            2
        ]
    ],
    "tasks": [
        [
            0,
            0,
            [
                5,
                1,
                7,
                13
            ]
        ],
        [
            1,
            0,
            [
                22,
                12,
                22,
                9
            ]
        ],
        [
            2,
            0,
            [
                22,
                12,
                22,
                5
            ]
        ],
        [
            3,
            0,
            [
                1,
                14,
                16,
                10
            ]
        ],
        [
            4,
            0,
            [
                9,
                11,
                13,
                16
            ]
        ],
        [
            5,
            0,
            [
                7,
                13,
                1,
                25
            ]
        ],
        [
            6,
            23,
            [
                1,
                7,
                7,
                29
            ]
        ],
        [
            7,
            25,
            [
                22,
                16,
                8,
                11
            ]
        ]
    ]
}