{
    "actionModel": "MAPF_T",
    "version": "2024 LoRR",
    "teamSize": 4,
    "numTaskFinished": 2,
    "makespan": 26,
    "numPlannerErrors": 0,
    "numScheduleErrors": 0,
    "numEntryTimeouts": 0,
    "start": [
        [
            2,
            4,
            "E"
        ],
        [
            13,
            10,
            "E"
        ],
        [
            19,
            25,
            "E"
        ],
        [
            4,
            28,
            "E"
        ]
    ],
    "actualPaths": [
        "R,F,F,F,R,F,F,F,R,R,F,F,F,F,F,F,F,F,F,F,F,R,F,F,C,F",
        "F,R,F,F,F,F,F,F,F,F,F,C,F,R,R,F,R,F,F,C,F,F,F,F,F,F",
        "R,R,F,F,F,F,F,F,F,F,F,F,F,F,F,C,F,F,F,R,F,F,F,R,F,R",
        "R,F,F,F,R,F,F,F,F,F,F,F,F,F,F,F,F,F,F,F,F,F,C,F,F,F"
    ],
    "plannerPaths": [
        "R,F,F,F,R,F,F,F,R,R,F,F,F,F,F,F,F,F,F,F,F,R,F,F,C,F",
        "F,R,F,F,F,F,F,F,F,F,F,C,F,R,R,F,R,F,F,C,F,F,F,F,F,F",
        "R,R,F,F,F,F,F,F,F,F,F,F,F,F,F,C,F,F,F,R,F,F,F,R,F,R",
        "R,F,F,F,R,F,F,F,F,F,F,F,F,F,F,F,F,F,F,F,F,F,C,F,F,F"
    ],
    "plannerTimes": [
        0.240175542,
        0.240079693,
        0.240065355,
        0.240064067,
        0.240088991,
        0.240107699,
        0.240097551,
        0.240073955,
        0.240075384,
        0.240070153,
        0.240069853,
        0.240081471,
        0.240099215,
        0.24008571,
        0.240076969,
        0.240086182,
        0.240072314,
        0.24007906,
        0.240076292,
        0.24007566,
        0.240069517,
        0.240073602,
        0.240076505,
        0.240113894,
        0.240070404,
        0.240080389
    ],
    "errors": [],
    "actualSchedule": [
        "1:0",
        "1:2",
        "1:1,24:5",
        "1:4"
    ],
    "plannerSchedule": [
        "1:0",
        "1:2",
        "1:1,24:5",
        "1:4"
    ],
    "scheduleErrors": [],
    "events": [
        [
            8,
            0,
            0,
            1
        ],
        [
            13,
            1,
            2,
            1
        ],
        [
            19,
            2,
            1,
            1
        ],
        [
            23,
            2,
            1,
            2
        ],
        [
            25,
            3,
            4,
            1
        ],
        [
            26,
            0,
            0,
            2
        ]
    ],
    "tasks": [
        [
            0,
            0,
            [
                5,
                1,
                7,
                13
            ]
        ],
        [
            1,
            0,
            [
                22,
                12,
                22,
                9
            ]
        ],
        [
            2,
            0,
            [
                22,
                12,
                22,
                5
            ]
        ],
        [
            3,
            0,
            [
                1,
                14,
                16,
                10
            ]
        ],
        [
            4,
            0,
            [
                9,
                11,
                13,
                16
            ]
        ],
        [
            5,
            0,
            [
                7,
                13,
                1,
                25
            ]
        ],
        [
            6,
            23,
            [
                1,
                7,
                7,
                29
            ]
        ],
        [
            7,
            26,
            [
                22,
                16,
                8,
                11
            ]
        ]
    ]
}