{
    "actionModel": "MAPF_T",
    "version": "2024 LoRR",
    "teamSize": 1,
    "numTaskFinished": 5,
    "makespan": 150,
    "numPlannerErrors": 0,
    "numScheduleErrors": 0,
    "numEntryTimeouts": 0,
    "start": [
        [
            15,
            4,
            "E"
        ]
    ],
    "actualPaths": [
        "C,F,F,R,F,C,F,F,R,F,F,F,C,F,C,F,R,F,F,F,R,F,F,F,F,R,F,F,F,R,F,F,F,F,F,F,F,F,F,F,R,F,R,F,F,F,F,C,F,F,R,F,F,F,F,F,F,F,F,F,F,F,F,R,F,R,F,F,C,F,F,F,F,C,F,F,R,R,F,F,R,F,C,F,F,R,F,F,F,F,F,F,F,F,F,F,W,R,R,F,F,R,F,C,F,R,F,F,C,F,F,F,R,F,F,R,F,F,C,F,F,F,F,F,F,F,R,R,F,F,R,F,C,F,R,F,F,F,C,F,F,F,R,F,C,F,F,R,F,F"
    ],
    "plannerPaths": [
        "C,F,F,R,F,C,F,F,R,F,F,F,C,F,C,F,R,F,F,F,R,F,F,F,F,R,F,F,F,R,F,F,F,F,F,F,F,F,F,F,R,F,R,F,F,F,F,C,F,F,R,F,F,F,F,F,F,F,F,F,F,F,F,R,F,R,F,F,C,F,F,F,F,C,F,F,R,R,F,F,R,F,C,F,F,R,F,F,F,F,F,F,F,F,F,F,W,R,R,F,F,R,F,C,F,R,F,F,C,F,F,F,R,F,F,R,F,F,C,F,F,F,F,F,F,F,R,R,F,F,R,F,C,F,R,F,F,F,C,F,F,F,R,F,C,F,F,R,F,F"
    ],
    "plannerTimes": [
        0.029977474,
        0.028130826,
        0.028739294,
        0.028255122,
        0.027222846,
        0.027133706,
        0.027868195,
        0.027248966,
        0.028164148,
        0.027112947,
        0.027343397,
        0.028176904,
        0.027512276,
        0.028271655,
        0.029389162,
        0.027315643,
        0.02828026,
        0.032816794,
        0.029329108,
        0.029085277,
        0.034739293,
        0.028340735,
        0.028226607,
        0.028702279,
        0.030795917,
        0.028278595,
        0.028351546,
        0.027636584,
        0.027188822,
        0.028384117,
        0.027528981,
        0.027098007,
        0.027891975,
        0.028129853,
        0.027328185,
        0.027865549,
        0.027829201,
        0.02789165,
        0.027178581,
        0.027078158,
        0.028256464,
        0.027343043,
        0.028542057,
        0.027872359,
        0.027354176,
        0.027705443,
        0.02766108,
        0.027503881,
        0.027087937,
        0.027142984,
        0.027806242,
        0.027200723,
        0.027595576,
        0.027354857,
        0.028346113,
        0.027294258,
        0.027294762,
        0.029256886,
        0.027913533,
        0.029110291,
        0.02758831,
        0.027201125,
        0.027281516,
        0.027881038,
        0.027126519,
        0.029718177,
        0.029659922,
        0.027803252,
        0.027608616,
        0.027448136,
        0.027616779,
        0.02790586,
        0.028707913,
        0.027844429,
        0.028299812,
        0.028694219,
        0.031377818,
        0.027438015,
        0.027468392,
        0.027443595,
        0.027376778,
        0.027972512,
        0.028792565,
        0.027875079,
        0.028102581,
        0.027624456,
        0.028111819,
        0.026965067,
        0.028566923,
        0.02729369,
        0.027059914,
        0.027666556,
        0.027538067,
        0.02700044,
        0.026968551,
        0.027055558,
        0.028086728,
        0.02818616,
        0.027322314,
        0.027249833,
        0.027017768,
        0.027970674,
        0.026909849,
        0.027173461,
        0.0271838,
        0.027082996,
        0.027297206,
        0.027228767,
        0.027094466,
        0.02723382,
        0.027509162,
        0.02721251,
        0.028466695,
        0.027672954,
        0.026985343,
        0.027325242,
        0.027058231,
        0.02736124,
        0.02700996,
        0.027123125,
        0.027047044,
        0.027763053,
        0.027843602,
        0.027539918,
        0.027288502,
        0.027912033,
        0.029639759,
        0.029167618,
        0.027214,
        0.027065776,
        0.029106503,
        0.02740489,
        0.027480888,
        0.027124298,
        0.02762851,
        0.027867823,
        0.026940663,
        0.027076445,
        0.027225931,
        0.027097006,
        0.027299832,
        0.027931154,
        0.027603612,
        0.027488001,
        0.027604773,
        0.027567087,
        0.028365186,
        0.02774778,
        0.028240665,
        0.028985805
    ],
    "errors": [],
    "actualSchedule": [
        "1:0,25:1,43:2,77:3,98:4,127:5"
    ],
    "plannerSchedule": [
        "1:0,25:1,43:2,77:3,98:4,127:5"
    ],
    "scheduleErrors": [],
    "events": [
        [
            14,
            0,
            0,
            1
        ],
        [
            24,
            0,
            0,
            2
        ],
        [
            28,
            0,
            1,
            1
        ],
        [
            42,
            0,
            1,
            2
        ],
        [
            65,
            0,
            2,
            1
        ],
        [
            76,
            0,
            2,
            2
        ],
        [
            96,
            0,
            3,
            1
        ],
        [
            97,
            0,
            3,
            2
        ],
        [
            112,
            0,
            4,
            1
        ],
        [
            126,
            0,
            4,
            2
        ]
    ],
    "tasks": [
        [
            0,
            0,
            [
                10,
                8,
                7,
                10
            ]
        ],
        [
            1,
            24,
            [
                9,
                11,
                9,
                1
            ]
        ],
        [
            2,
            42,
            [
                8,
                17,
                12,
                17
            ]
        ],
        [
            3,
            76,
            [
                1,
                13,
                1,
                13
            ]
        ],
        [
            4,
            97,
            [
                7,
                10,
                5,
                1
            ]
        ],
        [
            5,
            126,
            [
                16,
                9,
                7,
                10
            ]
        ]
    ]
}